model,accuracy,precision,recall,f1_macro,f1_weighted,rocauc,prauc,brier
logreg,0.5212765957446809,0.3076923076923077,0.509090909090909,0.49612864800476475,0.5428319795217518,0.554066985645933,0.38088427613680076,0.2522450363402911
dt,0.601063829787234,0.3,0.2727272727272727,0.5044807590933051,0.5952455725165153,0.5047846889952153,0.29458413926499033,0.39893617021276595
