Current_Position_Level,fp_rate,fn_rate
Senior,0.5714285714285714,0.14285714285714285
Mid,0.7380952380952381,0.3333333333333333
Junior,0.7027027027027027,0.0625
Lead,0.6923076923076923,0.6
